loss,mape,val_loss,val_mape
0.007417516782879829,260453.546875,0.0038342641200870275,283000.34375
0.0037727034650743008,124190.328125,0.0037146382965147495,215683.25
0.003912152722477913,91531.484375,0.003662626026198268,199324.46875
0.003640249138697982,103024.78125,0.003998580854386091,67785.0859375
0.00362218264490366,91600.9921875,0.0036636251024901867,226474.375
0.0036087275948375463,101057.640625,0.0035375163424760103,181253.109375
0.0034363348968327045,112515.796875,0.0038923618849366903,294922.46875
0.003608166240155697,97439.0859375,0.0034916619770228863,205223.3125
0.0033404389396309853,109675.25,0.004662711173295975,363075.40625
0.0035628851037472486,107122.3671875,0.0035424025263637304,252334.46875
0.0034471654798835516,124739.25,0.003605409525334835,91524.9609375
0.0033871354535222054,106637.9453125,0.003376561449840665,209745.46875
0.0034081984777003527,111338.625,0.0036293407902121544,80147.2109375
0.003423571353778243,97296.671875,0.0039547462947666645,22949.884765625
0.003360849805176258,110398.9453125,0.004079431761056185,16443.7734375
0.003405181923881173,105082.0859375,0.0034560239873826504,99566.171875
0.0031676681246608496,83906.203125,0.0033758189529180527,246482.59375
0.0033933522645384073,112252.609375,0.004637370817363262,26645.171875
0.0031828752253204584,85459.9765625,0.003254518611356616,129529.6875
0.003375508589670062,87427.5,0.004884918686002493,37400.78125
0.003316385205835104,103717.4140625,0.0033457682002335787,102348.171875
0.0031473159324377775,79201.140625,0.003574705682694912,32442.66015625
0.0032380237244069576,81902.3984375,0.0034065095242112875,276970.03125
0.003254092764109373,99522.3125,0.004916410427540541,43637.87109375
0.003305260557681322,97813.5234375,0.003161029191687703,205589.484375
0.003094626823440194,81113.8828125,0.0036878918763250113,14048.654296875
0.003136178245767951,84659.0078125,0.0033193607814610004,278828.3125
0.0031545532401651144,110549.2890625,0.003253931412473321,99388.359375
0.003156261285766959,90915.21875,0.003228220157325268,232076.90625
0.0032378006726503372,110159.3359375,0.003430963261052966,33891.44921875
0.0031651731114834547,101912.3828125,0.0033354402985423803,47867.7265625
0.0031307612080127,90993.171875,0.003144562477245927,219866.125
0.0031556091271340847,70428.6875,0.0030821384862065315,200974.125
0.003074293490499258,89581.515625,0.0036622879561036825,14108.7646484375
0.0031554875895380974,98228.84375,0.0031897732987999916,235086.5
0.0030314556788653135,105536.6953125,0.0038718758150935173,38306.453125
0.00317488145083189,80566.6640625,0.0032100421376526356,88696.6328125
0.0030731363222002983,78241.234375,0.003097068751230836,117234.6484375
0.0029496641363948584,75165.3125,0.003303255420178175,252453.9375
0.0031662199180573225,71911.71875,0.003069918369874358,137454.75
0.003082073060795665,89664.109375,0.0030792157631367445,97503.796875
0.0031272468622773886,93787.8828125,0.003011485328897834,166949.65625
0.0030611103866249323,87290.6171875,0.003012677887454629,116665.765625
0.002998937852680683,75750.2109375,0.003018346382305026,179679.609375
0.0030403388664126396,82279.6953125,0.0030795361381024122,59439.37890625
0.003020669799298048,88586.5234375,0.0032610236667096615,65062.19921875
0.0030303241219371557,92487.4609375,0.0029824841767549515,96541.7578125
0.003034602850675583,74750.578125,0.0033288125414401293,33316.55078125
0.0030626847874373198,95304.6796875,0.0036717820912599564,6143.83447265625
0.0030268121045082808,71455.703125,0.003193581011146307,65814.5859375
0.0030449042096734047,74991.3359375,0.0029897515196353197,201453.53125
0.0030577811412513256,95141.625,0.0029775663278996944,166013.40625
0.00296420999802649,78021.234375,0.0029624528251588345,152419.40625
0.0029818157199770212,95782.3515625,0.0030397966038435698,111141.1796875
0.0030016694217920303,88217.7109375,0.0029515756759792566,166335.3125
0.0030005592852830887,73097.9453125,0.0032698947470635176,260839.828125
0.0031000312883406878,88867.640625,0.0029473640024662018,154431.96875
0.0029002553783357143,74552.8984375,0.0032116170041263103,61504.32421875
0.003030529711395502,74414.3828125,0.0031701631378382444,43231.26171875
0.002971795853227377,91790.0703125,0.003093922743573785,253149.328125
0.0029980808030813932,99920.9765625,0.0033117083366960287,34505.796875
0.0029872439336031675,90479.734375,0.002966861007735133,118438.7421875
0.002990671433508396,68295.65625,0.0029373792931437492,162466.703125
0.0029017929919064045,92555.078125,0.0029133381322026253,140834.515625
0.002922346815466881,94422.53125,0.003567727515473962,11739.52734375
0.0029631629586219788,70210.9765625,0.0032270164228975773,52206.93359375
0.0029735425487160683,66249.328125,0.002907129703089595,141009.046875
0.002850193763151765,66594.2734375,0.002909252420067787,156802.828125
0.0029898276552557945,75585.625,0.0031290599144995213,61982.46484375
0.0029707392677664757,80522.2265625,0.002911710413172841,187991.953125
0.002896495396271348,90067.8828125,0.0029200587887316942,86232.2265625
0.0029448464047163725,85789.6171875,0.0029856308829039335,93674.4609375
0.002981585217639804,99208.3046875,0.002945889951661229,168262.234375
0.002878002356737852,68583.9140625,0.0032568820752203465,37682.26953125
0.0029305608477443457,91251.9765625,0.0029936209321022034,238315.734375
0.0029399432241916656,81851.0859375,0.002951384289190173,188574.40625
0.0028955661691725254,85609.1875,0.003100779838860035,281198.9375
0.0029052833560854197,84147.015625,0.003060905961319804,89572.921875
0.0029534613713622093,75669.9609375,0.002902118256315589,176381.265625
0.0029762457124888897,79189.328125,0.003162171458825469,245336.84375
0.0028711038175970316,78973.9140625,0.0028631542809307575,140737.375
0.0029582076240330935,89606.0546875,0.0030036205425858498,59032.9765625
0.002841924550011754,82157.265625,0.0029871673323214054,94624.2578125
0.0029069739393889904,84299.5234375,0.0028774766251444817,175091.3125
0.0028726905584335327,63665.89453125,0.002905481029301882,122769.3359375
0.002816986758261919,75475.578125,0.0028688597958534956,202422.734375
0.0028473332058638334,82999.921875,0.0028497318271547556,182143.625
0.0028582895174622536,80553.4140625,0.0028575011529028416,183767.78125
0.0028621091041713953,67163.75,0.0028335796669125557,138830.890625
0.0028940991032868624,90597.4140625,0.0032290895469486713,45648.80078125
0.0028233902994543314,93512.4140625,0.0029339524917304516,209326.9375
0.0028379554860293865,77410.2734375,0.002919795224443078,112720.65625
0.002797529334202409,90077.515625,0.002824729774147272,169902.71875
0.0029042272362858057,71134.03125,0.0028277274686843157,173774.46875
0.0028594275936484337,92904.140625,0.0028808924835175276,212676.15625
0.002865446964278817,83974.953125,0.0031954834703356028,25586.349609375
0.0027979977894574404,71190.8515625,0.0030361381359398365,52423.78125
0.0028635861817747355,82448.640625,0.002810834674164653,117402.90625
0.0028015358839184046,80093.6640625,0.003036569571122527,225971.515625
0.002850411692634225,69567.40625,0.0028793616220355034,89959.984375
0.002740866504609585,76606.28125,0.003031329018995166,47869.60546875
0.00278708478435874,63941.9921875,0.00281499489210546,203157.34375
0.002846857300028205,71426.890625,0.002973378635942936,249485.1875
0.0028330753557384014,72432.4140625,0.0027908324263989925,132184.203125
0.0027127449866384268,72525.8984375,0.002836148487403989,211357.84375
0.0028200452215969563,89874.7734375,0.002809628378599882,129997.796875
0.002777186455205083,74047.53125,0.002885592868551612,48970.55078125
0.0027835723012685776,73948.421875,0.0027777147479355335,159143.390625
0.00278553762473166,77837.2421875,0.002810162492096424,119838.984375
0.0027772143948823214,74595.953125,0.003242624457925558,12258.2197265625
0.002757159061729908,74224.421875,0.0027999805752187967,130426.5546875
0.0027155745774507523,76131.859375,0.002844474511221051,214538.421875
0.002793986350297928,74815.0078125,0.0028498112224042416,208349.8125
0.0027927104383707047,77331.4609375,0.0027353966142982244,126269.7890625
0.002736956113949418,70257.3359375,0.002739912597462535,138274.53125
0.0027694562450051308,82010.6484375,0.0027586142532527447,184834.09375
0.002780480310320854,76839.421875,0.002960558980703354,80458.0703125
0.002753277076408267,78792.7734375,0.0027585418429225683,108364.1328125
0.002748374128714204,74763.703125,0.0027219613548368216,165123.40625
0.002738605486229062,71505.28125,0.0032952220644801855,6119.369140625
0.0027347952127456665,78643.8046875,0.0031517285387963057,283172.0625
0.002714127767831087,81418.546875,0.002710390603169799,166905.859375
0.002725928323343396,76125.5078125,0.002704968908801675,132398.390625
0.0027382655534893274,62447.41796875,0.0027184789068996906,174286.859375
0.0026984652504324913,76666.359375,0.002697233809158206,170494.46875
0.002728136256337166,84349.59375,0.0030141212046146393,47753.70703125
0.0026569373439997435,63443.53125,0.0028172023594379425,31236.525390625
0.002700189594179392,78262.765625,0.00288029364310205,85135.6875
0.002694877563044429,89680.1015625,0.0026866530533879995,110434.3828125
0.002699398435652256,73294.5546875,0.002699128584936261,119437.25
0.0027030769269913435,73531.3515625,0.0026714939158409834,166382.59375
0.002705802908167243,80011.328125,0.002687881700694561,209782.75
0.00271537434309721,85576.671875,0.0026449363213032484,121467.640625
0.002710632747039199,59420.65625,0.0029830553103238344,28964.2109375
0.0026333732530474663,79909.984375,0.002811563666909933,80819.9140625
0.0026846020482480526,78181.609375,0.0027987537905573845,99262.7109375
0.0026775288861244917,81390.9296875,0.0026745882350951433,138316.171875
0.0026426606345921755,59034.31640625,0.0028687925077974796,30306.1640625
0.002645512344315648,74699.0859375,0.002704240847378969,104725.3359375
0.0026456015184521675,82491.7734375,0.002657124539837241,72546.59375
0.002630745992064476,66530.109375,0.0028491970151662827,6716.71142578125
0.0026821778155863285,68420.359375,0.003038369817659259,33525.8828125
0.002584730740636587,58917.58984375,0.0026117805391550064,177184.140625
0.0026629939675331116,75505.90625,0.002639718120917678,117408.84375
0.0026127141900360584,64826.59765625,0.002596465405076742,172625.6875
0.0026148611214011908,68001.71875,0.0026382235810160637,211913.1875
0.002622773637995124,68664.2421875,0.002730502048507333,88567.2265625
0.002623873297125101,76977.4921875,0.0027386387810111046,61505.109375
0.00260619237087667,77357.5859375,0.0025668898597359657,136625.65625
0.002582733053714037,72619.8359375,0.002815462416037917,55956.90625
0.0026119486428797245,76982.3125,0.002623863285407424,226602.234375
0.002593432553112507,82292.6328125,0.0025365003384649754,141186.734375
0.0026066796854138374,76486.28125,0.0026653737295418978,132775.875
0.002550119999796152,62506.421875,0.0028660024981945753,6793.58447265625
0.002587059512734413,79522.6640625,0.0025608844589442015,134394.359375
0.002568197436630726,67725.34375,0.002556269522756338,192248.03125
0.002568087773397565,78836.2109375,0.002601883839815855,84939.453125
0.0025499348994344473,71945.6328125,0.0025020241737365723,149270.890625
0.0025337880942970514,77846.484375,0.0026392440777271986,53089.38671875
0.002528984332457185,83143.671875,0.0024833022616803646,141187.65625
0.0025602085515856743,84166.7265625,0.0026061334647238255,103870.8125
0.002536339219659567,63920.6171875,0.0024791413452476263,167906.296875
0.0025687844026833773,73056.8828125,0.002644394990056753,83186.046875
0.002492311643436551,59664.95703125,0.002456042682752013,140800.359375
0.002492869272828102,79868.7578125,0.003000690834596753,6978.55126953125
0.0024783036205917597,73893.1328125,0.0029386007227003574,12368.6083984375
0.0025395387783646584,77093.6015625,0.0024491490330547094,141644.1875
0.0024802980478852987,75318.7578125,0.00242277467623353,105195.921875
0.0024558494333177805,64637.87890625,0.002441819990053773,108341.59375
0.0024696902837604284,66514.84375,0.0025079501792788506,73543.453125
0.002463709097355604,67068.3671875,0.002398497425019741,133943.390625
0.002494396176189184,73943.296875,0.002398941433057189,167547.015625
0.002473501255735755,77343.6796875,0.0024913004599511623,52480.39453125
0.0024389545433223248,70520.1015625,0.0023757359012961388,154151.1875
0.002453782595694065,68177.65625,0.0023640089202672243,94100.2890625
0.0024345172569155693,74597.5859375,0.002354969270527363,136691.734375
0.0024450947530567646,59724.109375,0.0023819003254175186,180336.296875
0.0024342085234820843,72081.296875,0.0026511389296501875,105529.2421875
0.0024060923606157303,88463.9765625,0.002367177978157997,179730.234375
0.0024416884407401085,68556.078125,0.0023706003557890654,158462.234375
0.0023696389980614185,84672.828125,0.002591255120933056,74755.40625
0.00238032266497612,81535.09375,0.0023190113715827465,93812.5859375
0.0023861133959144354,88044.046875,0.0023039928637444973,172959.75
0.0023415256291627884,73107.015625,0.0022923918440937996,130905.5234375
0.0023209855426102877,72475.2109375,0.002309089060872793,179060.953125
0.0023718520533293486,78702.8359375,0.0022835268173366785,162296.875
0.002295231446623802,65030.91015625,0.0023373994044959545,231763.09375
0.0023027725983411074,70472.6875,0.0026024768594652414,30151.05859375
0.002304152585566044,71620.8828125,0.002345162443816662,190258.359375
0.0023539126850664616,76367.7421875,0.002302045002579689,74168.546875
0.0022526688408106565,70621.6328125,0.0022442264016717672,83729.046875
0.0023284186609089375,76700.8203125,0.0022223603446036577,187564.1875
0.0022485489025712013,73477.9921875,0.002344799228012562,69076.328125
0.002260467503219843,88008.828125,0.00235358695499599,75880.4609375
0.0021952777169644833,78434.828125,0.0022517016623169184,202196.765625
0.0023025565315037966,73306.4140625,0.0024379983078688383,47840.78125
0.0022541233338415623,77949.515625,0.0021595098078250885,65530.6484375
0.002231032121926546,67223.2421875,0.0022644498385488987,227490.625
0.0022787870839238167,78976.671875,0.0021527400240302086,90041.8984375
0.0021660069469362497,85509.28125,0.0021243588998913765,138465.65625
0.0022310782223939896,80285.6953125,0.002202794421464205,121843.1796875
0.002208542078733444,76039.8046875,0.0021350595634430647,60086.8125
0.002176809823140502,73097.1953125,0.0020833611488342285,79814.7734375
0.002139388583600521,70590.203125,0.002075034659355879,151253.46875
0.0021895160898566246,80088.6171875,0.002063940279185772,140146.90625
0.0021680588833987713,81659.140625,0.0023394511081278324,66331.2890625
0.0021691271103918552,69276.2421875,0.0026872362941503525,16355.9755859375
0.002142825396731496,57914.125,0.0024219166953116655,77919.8984375
0.0021821397822350264,83332.9453125,0.0020316694863140583,161520.703125
0.0021301626693457365,69187.9765625,0.0021685361862182617,75212.15625
0.002131293062120676,60943.80859375,0.0020426667761057615,121900.3515625
0.00207382719963789,71402.078125,0.0020692208781838417,174194.3125
0.0020868517458438873,68457.34375,0.002010535215958953,199422.4375
0.0020838784985244274,81971.1171875,0.0023970005568116903,18006.865234375
0.002075956203043461,76692.8359375,0.0019636284559965134,150557.703125
0.002094418043270707,80522.9921875,0.001972945174202323,172293.71875
0.0020650809165090322,81078.125,0.0020291919354349375,48560.90234375
0.0020927186124026775,80841.28125,0.0019670124165713787,108267.484375
0.002094427589327097,67267.6875,0.0021260480862110853,132449.703125
0.0020745261572301388,77216.40625,0.0019162463722750545,156176.359375
0.0020012955646961927,71617.140625,0.0019297257531434298,160612.140625
0.0020193231757730246,75327.921875,0.00237547536380589,56537.6796875
0.0020307700615376234,70315.484375,0.0018802554113790393,134272.328125
0.002024640329182148,79388.0546875,0.0023557061795145273,96817.03125
0.0019475090084597468,85850.7265625,0.002249740296974778,56303.19921875
0.0020152416545897722,75928.078125,0.0018801677506417036,90045.375
0.0019676326774060726,68716.2109375,0.0018441714346408844,77137.578125
0.0019407762447372079,66485.6953125,0.001834375667385757,139039.625
0.0020116972737014294,67889.265625,0.0018268872518092394,147886.515625
0.001961252884939313,72394.5,0.0018492268864065409,41191.625
0.0019874414429068565,71701.828125,0.001846225350163877,103437.640625
0.0019322863081470132,87625.4140625,0.0018338290974497795,134753.6875
0.001911679282784462,79330.0625,0.0017961866687983274,132263.40625
0.0019941062200814486,82444.875,0.001875398331321776,78236.5625
0.0019117809133604169,72925.3515625,0.0017775481101125479,103417.2890625
0.0019334075041115284,86049.71875,0.0019235059153288603,62636.6796875
0.0018817475065588951,84315.90625,0.0020319654140621424,38847.99609375
0.0018629729747772217,60970.2734375,0.0018168039387091994,153273.484375
0.0019001556793227792,83967.7421875,0.001782749081030488,134048.203125
0.0018946453928947449,95218.4921875,0.001797957462258637,89190.5390625
0.0018924406031146646,78194.2265625,0.0017385147511959076,73401.1171875
0.001882135053165257,91980.5234375,0.0018160149920731783,63501.01953125
0.0018176992889493704,94274.0703125,0.0018955065170302987,16568.419921875
0.0019241577247157693,75960.0625,0.002072152914479375,61247.5390625
0.0018502972088754177,76766.7890625,0.0018104756018146873,82533.4609375
0.0018615382723510265,87976.1640625,0.0017056375509127975,149425.734375
0.0018616674933582544,86721.4765625,0.0016907702665776014,68663.6953125
0.0018172961426898837,73869.703125,0.0017407593550160527,49076.78125
0.001838418305851519,83588.4453125,0.0016883282223716378,125933.765625
0.001824194099754095,76643.140625,0.0017690048553049564,97343.7421875
0.0018115559360012412,80231.109375,0.00203137774951756,89203.2578125
0.0018044135067611933,76234.296875,0.0016813295660540462,156317.203125
0.0018600266193971038,71275.609375,0.001665742602199316,118563.671875
0.0017978728283196688,83707.6015625,0.0018724416149780154,71731.40625
0.0018082092283293605,75880.6875,0.001664527109824121,150121.109375
0.0017725839279592037,61216.44140625,0.0019621257670223713,70638.9921875
0.0018180094193667173,79091.5625,0.001644943025894463,101832.4296875
0.0017770740669220686,68438.7578125,0.0018570648971945047,113516.828125
0.001788230030797422,94207.2109375,0.0016577407950535417,96303.1171875
0.0018060760339722037,90237.1328125,0.001630708808079362,150746.125
0.0018448710907250643,71231.125,0.0017733377171680331,107101.8515625
0.00173350446857512,82757.0390625,0.0018608265090733767,40159.625
0.0017579750856384635,79395.7578125,0.00165049999486655,170636.265625
0.0017736231675371528,83173.2421875,0.0015976644353941083,54182.68359375
0.0017919542733579874,76041.2734375,0.0016218359814956784,145189.34375
0.0017613661475479603,76143.2734375,0.0015899806749075651,48683.19140625
0.001745274756103754,89260.890625,0.0018038939451798797,80670.6328125
0.0017438282957300544,75821.4921875,0.0016491074347868562,170901.203125
0.0017325676744803786,73365.859375,0.00157712132204324,43939.3515625
0.0017311919946223497,94577.4375,0.0016319345450028777,70772.203125
0.0017312109703198075,103033.4296875,0.0016901473281905055,44753.80859375
0.0017521741101518273,85566.203125,0.0021164980717003345,88530.21875
0.0017429516883566976,74075.3125,0.001600701012648642,88100.2265625
0.0017143846489489079,84486.1328125,0.0015635921154171228,116762.140625
0.001761491410434246,100433.2109375,0.0015540512977167964,71090.3046875
0.0017078837845474482,86417.4609375,0.00153881695587188,96553.6953125
0.0016947328113019466,96000.875,0.0015514189144596457,144633.15625
0.001692278077825904,87689.9453125,0.0015631979331374168,41045.80078125
0.0017041105311363935,83144.25,0.0015303927939385176,57976.01171875
0.0016854514833539724,83338.578125,0.001525572151876986,85593.3984375
0.0017002825625240803,95960.4921875,0.0018920755246654153,126474.640625
0.001701687229797244,81726.7421875,0.0016243993304669857,85801.984375
0.001726925023831427,79222.2421875,0.0015189164550974965,96132.1484375
0.0016588603612035513,71003.21875,0.001681908848695457,79953.9765625
0.0016893905121833086,80584.6484375,0.0015738203655928373,157900.703125
0.0016972951125353575,90660.875,0.0015923139872029424,61415.62890625
0.001685276161879301,83335.734375,0.0015098766889423132,109490.9375
0.0016311600338667631,88542.0703125,0.0017218162538483739,18309.490234375
0.0017028769943863153,90537.65625,0.0016282539581879973,123828.1953125
0.0016472075367346406,89454.7421875,0.0014997684629634023,83779.421875
0.0016457216115668416,81971.8671875,0.001573914079926908,118709.8671875
0.0015920728910714388,86392.28125,0.00147533742710948,105466.453125
0.0017130266642197967,100392.109375,0.0014702738262712955,107501.9375
0.0016656891675665975,85426.6484375,0.0014827558770775795,73832.8125
0.0016390628879889846,74659.2265625,0.0015081221936270595,97139.8203125
0.0016294472152367234,87544.28125,0.0014617324341088533,74980.828125
0.0015886725159361959,85230.9921875,0.0014703302877023816,134067.125
0.0016658989479765296,72029.8828125,0.0014789227861911058,18802.8984375
0.0016109857242554426,85381.6171875,0.0014711744152009487,141550.546875
0.0016635957872495055,93793.5390625,0.0014474274357780814,78805.7109375
0.0016658244421705604,83558.59375,0.0014386868569999933,105494.125
0.0015878529520705342,71465.6796875,0.0015442327130585909,109682.640625
0.0016112022567540407,95818.8671875,0.0015921936137601733,18220.35546875
0.0016599439550191164,94312.4765625,0.0014581263530999422,138588.9375
0.0015878628473728895,81744.71875,0.0014332759892567992,61953.59375
0.0015919040888547897,78802.0703125,0.0014295472064986825,97463.9609375
0.001553717302158475,74129.4296875,0.001493382267653942,193012.09375
0.0015862979926168919,85916.96875,0.0014144675806164742,114391.6640625
0.0015955193666741252,85413.2421875,0.0017506479052826762,42147.69921875
0.0016002488555386662,75970.1796875,0.0014507871819660068,157238.4375
0.0015826794551685452,73190.984375,0.0016839226009324193,106100.65625
0.0015980551252141595,73525.96875,0.001438273349776864,38414.28125
0.0015676104230806231,76623.890625,0.0016617473447695374,84189.34375
0.0015528879594057798,79375.2578125,0.001411801902577281,126959.1875
0.001604015356861055,86817.609375,0.0013948077103123069,76043.6640625
0.0015431939391419291,90364.75,0.0014129761839285493,86541.328125
0.001582312397658825,87470.484375,0.0015313610201701522,217114.078125
0.0015637228498235345,84474.46875,0.0013709204504266381,56111.56640625
0.0015190440462902188,81900.296875,0.001553153619170189,60065.53515625
0.0015702081145718694,83671.796875,0.0013618618249893188,62199.7734375
0.001532826223410666,85755.1640625,0.001358533394522965,59913.0546875
0.0015217391774058342,83609.8359375,0.0014102526474744081,163683.40625
0.001523797633126378,83857.828125,0.001370874815620482,79213.3984375
0.001593137509189546,101696.359375,0.0013628412270918489,128745.0078125
0.0015378930838778615,96584.5390625,0.0013858084566891193,35101.44921875
0.0015302898827940226,87132.078125,0.0013513003941625357,43023.33984375
0.001523932907730341,76366.0546875,0.0013750967336818576,146344.0625
0.0014994752127677202,85327.375,0.0014498429372906685,60481.48828125
0.001529758796095848,89377.25,0.0014222707832232118,80274.03125
0.001511656097136438,80673.859375,0.0013235834194347262,87335.8125
0.0015329350717365742,80263.40625,0.0014133434742689133,51010.91015625
0.0015243836678564548,89937.171875,0.0013905910309404135,17549.619140625
0.0015313903568312526,105146.0,0.0013181804679334164,75400.7578125
0.0014823399251326919,85910.6953125,0.0013126831036061049,32469.69921875
0.001492180279456079,94505.5859375,0.0013727993937209249,77133.671875
0.0014976718230172992,79199.0234375,0.0013165849959477782,71149.953125
0.0014914422063156962,96114.8125,0.0013395881978794932,142886.0
0.0015103756450116634,88857.9140625,0.001315365661866963,60116.78125
0.0014592930674552917,77744.1875,0.0013972378801554441,178279.0625
0.00147752626799047,81486.3046875,0.0013657438103109598,90706.1484375
0.0014887525467202067,91055.8828125,0.001344798831269145,78920.78125
0.001465609297156334,72923.4375,0.0012836959213018417,87012.5859375
0.0014854585751891136,102686.4453125,0.0012753877090290189,68225.9765625
0.0014682107139378786,65841.625,0.001408359850756824,76454.515625
0.0014566347235813737,95340.578125,0.001335161505267024,16786.71875
0.0014577708207070827,75439.3515625,0.001461127307265997,29176.103515625
0.0014762124046683311,74333.28125,0.0012692607706412673,81315.6953125
0.0014428752474486828,63243.23046875,0.001305722980760038,72611.171875
0.0014523378340527415,79451.5,0.0013409159146249294,16532.94140625
0.0014550710329785943,92886.6484375,0.0012516651768237352,64155.5390625
0.0014135281089693308,95219.84375,0.0013635240029543638,16235.3017578125
0.001426020753569901,83998.7890625,0.001299337949603796,24383.607421875
0.0014505175640806556,79836.1328125,0.001263196929357946,102681.2578125
0.001422676956281066,83389.4140625,0.0012446921318769455,26953.705078125
0.0014443689724430442,69190.6953125,0.0012544700875878334,126209.2265625
0.0014043623814359307,84882.2734375,0.0014861393719911575,15545.0634765625
0.0014166730688884854,84855.09375,0.0012575038708746433,21762.734375
0.001404479960910976,85647.796875,0.0013142984826117754,19875.73828125
0.0014060154790058732,99267.46875,0.0012901683803647757,132107.328125
0.0014412453165277839,91554.3828125,0.0012274147011339664,43044.46875
0.001415284932591021,75322.7734375,0.001371724996715784,31201.490234375
0.0014068747404962778,76536.34375,0.0012712003663182259,113789.484375
0.0014223572798073292,86028.390625,0.0012271041050553322,88421.4296875
0.0014185640029609203,93867.390625,0.0013081657234579325,117614.2890625
0.0013919954653829336,71172.75,0.001250850735232234,72040.5859375
0.0014093603240326047,79524.46875,0.0012260719668120146,125854.765625
0.0014325513038784266,91117.109375,0.0012465653708204627,146614.1875
0.0013934564776718616,91543.1640625,0.0012010125210508704,78150.046875
0.0013736931141465902,93879.3984375,0.0013045871164649725,93161.203125
0.0013693820219486952,78585.1875,0.0011951876804232597,40674.90625
0.0013663370627909899,77635.4453125,0.0011921088444069028,105417.484375
0.0013714347733184695,87932.2578125,0.0011925959261134267,54953.75390625
0.0013603792758658528,70503.703125,0.0012200726196169853,154591.421875
0.0014014850603416562,69882.8359375,0.0011842305539175868,97298.109375
0.001358735142275691,81582.3203125,0.0012868574121966958,78649.5625
0.0013836035504937172,72224.2265625,0.0013215687358751893,106078.671875
0.001363656367175281,78701.0390625,0.0012677132617682219,57686.15625
0.00135617156047374,79005.125,0.0013458158355206251,98202.78125
0.0013613096671178937,68919.5390625,0.0011900432873517275,116730.671875
0.001360580325126648,77926.0390625,0.001213123556226492,38391.3359375
0.0013592225732281804,79977.375,0.0011659342562779784,107711.5703125
0.0013340151635929942,75436.421875,0.0011740222107619047,14719.2900390625
0.001386876218020916,73579.625,0.0012166918022558093,79556.4375
0.001335895387455821,93920.0546875,0.0011528243776410818,65307.25390625
0.0013510965509340167,82740.1484375,0.0011627846397459507,76268.7578125
0.001353649771772325,85471.546875,0.0011954446090385318,17251.3125
0.0013543755048885942,70302.0078125,0.0012396081583574414,68765.140625
0.001301153446547687,71066.390625,0.001234233845025301,155903.625
0.0013420548057183623,89737.046875,0.0011673003900796175,135076.90625
0.0013110412983223796,69346.3046875,0.001204736647196114,17871.59375
0.0013625252759084105,88584.1328125,0.0011756408493965864,21338.2421875
0.001337232068181038,76087.578125,0.001162540283985436,66375.7109375
0.001328677637502551,64049.51171875,0.0011604074388742447,147561.109375
0.0013039277400821447,66127.3984375,0.001196120516397059,85550.4140625
0.0013443586649373174,89467.703125,0.0011353750014677644,13949.2265625
0.0013003344647586346,79236.4765625,0.0011208989890292287,54260.06640625
0.001321176066994667,79527.0546875,0.0013451228151097894,20515.11328125
0.0013251628261059523,74619.7734375,0.0011905584251508117,149518.484375
0.0013160733506083488,77662.6171875,0.0012138114543631673,89858.625
0.0013008859241381288,75953.6328125,0.0012087981449440122,13173.7138671875
0.0012794611975550652,90560.6171875,0.0011422490933910012,44191.15234375
0.0012909846846014261,91111.71875,0.0011330973356962204,119654.078125
0.0012733405455946922,79625.9921875,0.001126215560361743,109737.5078125
0.0013351483503356576,83246.1875,0.001116488710977137,61909.70703125
0.0012814250076189637,94130.7890625,0.0011271268595010042,19346.265625
0.0012760638492181897,77319.6171875,0.0012062813621014357,20551.91796875
0.0013017818564549088,80262.78125,0.0011252849362790585,51973.125
0.0012949217343702912,84692.3828125,0.0011069446336477995,13194.08203125
0.001256279763765633,76718.640625,0.0011709468672052026,157161.59375
0.0013046135427430272,81536.0703125,0.0011307772947475314,65185.125
0.0012600286863744259,81337.0625,0.0011848289286717772,67282.3671875
0.001260829158127308,76219.796875,0.0011702231131494045,60877.3515625
0.0012415341334417462,69072.8828125,0.0011962857097387314,74161.2890625
0.0012551136314868927,77416.2109375,0.0012020565336570144,217540.828125
0.001275374786928296,87333.9453125,0.0010901520727202296,60808.37109375
0.0012857901165261865,76049.8046875,0.0011505087604746222,24698.92578125
0.001258640899322927,78172.953125,0.0011582463048398495,193132.6875
0.0012687414418905973,83993.40625,0.0010878380853682756,94051.0625
0.001266363193280995,74916.7578125,0.001111470046453178,147172.65625
0.0012457214761525393,76280.453125,0.001095283660106361,36296.5078125
0.0012585156364366412,78329.8984375,0.0011021862737834454,88102.5390625
0.001241947989910841,67292.2734375,0.001078926376067102,12437.8017578125
0.0012648069532588124,78314.328125,0.001100781955756247,80448.6328125
0.0012389494804665446,71629.0390625,0.001118324464187026,12134.7890625
0.0012199480552226305,80453.015625,0.0012165977386757731,11654.314453125
0.0012530848616734147,77628.3203125,0.0010739597491919994,67818.515625
0.001227093394845724,66532.3984375,0.0010909488191828132,55332.29296875
0.0012473725946620107,78302.9921875,0.001068511395715177,12240.857421875
0.00121191272046417,70061.359375,0.0011230589589104056,78490.1796875
0.0012413286603987217,82792.5390625,0.0010490254499018192,54157.265625
0.0012033070670440793,83462.59375,0.0010888355318456888,102060.1015625
0.0012431310024112463,84155.609375,0.001061066403053701,30538.09375
0.001187375164590776,76050.6953125,0.001154560362920165,21794.037109375
0.001247191452421248,75485.3046875,0.0010627001756802201,11829.5048828125
0.0012118943268433213,62858.5546875,0.001077737077139318,47872.46484375
0.001210031914524734,83220.25,0.0010466063395142555,55268.9453125
0.0012065563350915909,93583.5078125,0.0010915471939370036,68289.6484375
0.0012079812586307526,70239.1484375,0.001196920988149941,155232.953125
0.0012221147771924734,80121.21875,0.0010318905115127563,50599.13671875
0.0012281269300729036,68849.3359375,0.0010767882922664285,153490.0625
0.0012097037397325039,80737.234375,0.0011308555258437991,53531.24609375
0.001205695909447968,68469.5,0.0011042626574635506,161719.28125
0.0012098930310457945,77995.5703125,0.0011020615929737687,98485.4453125
0.0012018661946058273,74042.5234375,0.001029699807986617,23655.48046875
0.0011954414658248425,66294.65625,0.0010871738195419312,90790.4453125
0.0011943377321586013,81999.125,0.0010437645250931382,36180.234375
0.001200566766783595,77551.078125,0.0010327923810109496,57004.33984375
0.0011975112138316035,71742.6015625,0.0010503114899620414,50233.5546875
0.0011835515033453703,81925.7421875,0.001016073627397418,64203.15234375
0.00117177062202245,89953.9375,0.0010311627993360162,11252.8251953125
0.0012007392942905426,69894.8125,0.0010333104291930795,87796.3203125
0.0012157839955762029,77379.7265625,0.001091404352337122,11039.5087890625
0.0012137552257627249,65393.81640625,0.001041250303387642,38393.90625
0.0011971150524914265,67895.9765625,0.0010142421815544367,32279.474609375
0.001183371408842504,82751.953125,0.0010648961178958416,167010.90625
0.0011565103195607662,81647.8046875,0.0010632132180035114,125102.9140625
0.0012220637872815132,66695.015625,0.0010269336635246873,110072.46875
0.0011813555611297488,70373.0390625,0.0010963260428979993,181569.96875
0.0012034536339342594,65056.32421875,0.001026460900902748,108702.3828125
0.0011842068051919341,75585.8125,0.001093774102628231,10443.3916015625
0.001164326909929514,90294.3359375,0.0010386965004727244,16390.09375
0.0011681551113724709,73835.9296875,0.0010023126378655434,59934.3671875
0.0011793514713644981,71460.8671875,0.0010279192356392741,10560.3984375
0.0011580658610910177,73902.140625,0.001021545147523284,69148.2734375
0.0011528456816449761,73167.5625,0.0010296866530552506,12920.8779296875
0.001180139253847301,84377.9765625,0.0010169700253754854,49715.19921875
0.0011696206638589501,90266.78125,0.0009925992926582694,30176.462890625
0.0011336131719872355,89692.3828125,0.0010105888359248638,10437.259765625
0.0011611059308052063,67356.90625,0.00106268550734967,156340.359375
0.001199987716972828,89291.6328125,0.0010064819362014532,98160.578125
0.001159648410975933,80152.53125,0.0009925926569849253,29898.638671875
0.0011484239948913455,69398.234375,0.0010201440891250968,129099.0390625
0.001161678577773273,83707.75,0.0010641448898240924,171797.34375
0.001159087405540049,67509.328125,0.0010030098492279649,57781.015625
0.0011486522853374481,68947.2578125,0.0010125183034688234,133557.703125
0.0011509992182254791,72718.1875,0.000988393439911306,60046.88671875
0.0011385914403945208,71538.671875,0.001178079517558217,201474.6875
0.001152088399976492,64471.85546875,0.0010016968008130789,81143.25
0.0011618476128205657,92578.7421875,0.0010064704110845923,117508.9296875
0.0011316344607621431,73608.8203125,0.0009960394818335772,59952.99609375
0.0011243121698498726,82004.859375,0.0010916440514847636,25398.123046875
0.001154472352936864,58130.8984375,0.001026428071781993,122012.0
0.0011418354697525501,74359.6171875,0.0009921194287016988,87539.265625
0.0011282607447355986,83941.890625,0.0009965547360479832,9903.6513671875
0.0011297467863187194,65815.7734375,0.0009742150432430208,43286.28125
0.0011248368537053466,73652.6171875,0.001028511207550764,154602.484375
0.0011426813434809446,70513.9140625,0.0009745865827426314,19165.51953125
0.001132675912231207,81956.71875,0.0009964538039639592,103816.484375
0.0011330234119668603,70365.40625,0.0009848971385508776,87113.359375
0.0011111136991530657,82359.4765625,0.0010609501041471958,79469.765625
0.0011238915612921119,74252.125,0.0009692267631180584,23972.64453125
0.0011193533428013325,67613.8828125,0.0009929408552125096,104571.4375
0.0011140787973999977,82012.0703125,0.0010043575894087553,10044.99609375
0.001132788835093379,69302.390625,0.00113717804197222,122927.78125
0.0011001551756635308,68363.4765625,0.0009827172616496682,111665.0859375
0.0011056552175432444,81286.6953125,0.00099502457305789,16655.302734375
0.0011218698928132653,60755.26953125,0.0010235941736027598,61245.4921875
0.0011059287935495377,71185.875,0.0009829018963500857,23393.326171875
0.0011307584354653955,72310.9140625,0.0009630976710468531,77170.296875
0.0011019500670954585,61763.6953125,0.0009819406550377607,103956.6484375
0.001127329422160983,74032.9609375,0.0009849751368165016,121414.0859375
0.001124901114962995,70357.8515625,0.0009874103125184774,122885.484375
0.0011024457635357976,64856.23828125,0.0009755666251294315,109526.8828125
0.0010968629503622651,67116.2734375,0.0010668898466974497,198035.453125
0.0011407153215259314,75667.7890625,0.0010646741138771176,176640.09375
0.0011081220582127571,84532.5546875,0.0010400984901934862,9989.251953125
0.0011148336343467236,56604.26953125,0.0010644033318385482,130009.6484375
0.0010922992369160056,77902.3359375,0.0009845095919445157,37853.29296875
0.0010993968462571502,61129.16796875,0.0009580484475009143,12064.1884765625
0.0011051862966269255,66062.109375,0.0010536208283156157,80530.7109375
0.0010931544238701463,81488.8046875,0.0009523198823444545,51408.7890625
0.0011137551628053188,68593.1171875,0.0009915627306327224,142503.859375
0.001090542646124959,65541.40625,0.0009572347044013441,9239.884765625
0.0010746729094535112,78941.171875,0.0010262727737426758,109746.78125
0.0011000605300068855,62396.78125,0.0010101565858349204,71427.3984375
0.0010941013460978866,74126.9296875,0.0010314455721527338,161980.90625
0.0011139697162434459,94914.84375,0.001028470229357481,153531.578125
0.0010709208436310291,71747.375,0.0010267667239531875,36803.8515625
0.0011156147811561823,86490.2890625,0.0009665302350185812,85117.78125
0.001077709486708045,74874.2890625,0.0009887521155178547,38026.74609375
0.0011070766486227512,79530.84375,0.0010457488242536783,118546.453125
0.001095656887628138,67218.1171875,0.0010249086190015078,22866.2578125
0.0010949537390843034,64565.16015625,0.0009540768223814666,87455.1171875
0.0011056147050112486,70783.4296875,0.0009693317697383463,93225.1484375
0.0010902233188971877,77956.6171875,0.0009996049338951707,78336.265625
0.001078696339391172,93586.1484375,0.0009438749984838068,52080.2109375
0.0011079504620283842,85027.0390625,0.0009752605110406876,95259.671875
0.0010603978298604488,64604.29296875,0.0009488844079896808,88252.34375
0.0010878263274207711,78972.6875,0.0009496230632066727,47104.53515625
0.0010652715573087335,70838.5859375,0.0009462602320127189,8587.130859375
0.0011076959781348705,69176.921875,0.000985645572654903,80100.890625
0.00106668786611408,80078.40625,0.0009408591431565583,70798.46875
0.001092650811187923,70264.4609375,0.0010065436363220215,72115.734375
0.0010745703475549817,74159.734375,0.0009865961037576199,103671.4375
0.0010772624518722296,79810.1015625,0.0009744063136167824,8654.58203125
0.0010723251616582274,74772.09375,0.0009593124850653112,12731.1708984375
0.001070370664820075,67005.5390625,0.001097820932045579,154683.453125
0.0010597531218081713,89215.7265625,0.0009629689739085734,94436.8515625
0.0010495387250557542,75236.6484375,0.0009818008402362466,103054.9921875
0.001064786920323968,56993.171875,0.0009905908955261111,60610.453125
0.0010618558153510094,68550.7890625,0.0009417319670319557,35474.62890625
0.0010802829638123512,64612.6640625,0.0010105791734531522,141101.1875
0.0010813670232892036,72145.4453125,0.0009417930850759149,8124.9814453125
0.0010599761735647917,82421.3359375,0.0009330335888080299,34495.85546875
0.0010747795458883047,70769.8984375,0.0009480058797635138,89110.5625
0.0010541998781263828,59780.08203125,0.0009332415065728128,67006.2578125
0.001059968490153551,56672.44140625,0.0009507816866971552,96972.78125
0.0010403599590063095,70975.2109375,0.0009556232253089547,8273.5048828125
0.00105789746157825,82644.1015625,0.0009561529732309282,104864.4453125
0.00108344538602978,73941.4765625,0.0009778215317055583,96127.4375
0.0010656403610482812,74265.71875,0.0009425014141015708,82453.203125
0.0010934968013316393,73669.4140625,0.0009573845891281962,50412.828125
0.0010605274001136422,77907.8671875,0.0009266379056498408,53706.69921875
0.0010470509296283126,73909.5546875,0.0009385612211190164,53935.046875
0.001067291246727109,72666.390625,0.0009307524305768311,19850.060546875
0.0010540784569457173,77449.6796875,0.0010278756963089108,73807.890625
0.00103853945620358,60641.9921875,0.0009607466054148972,39266.33203125
0.001050693215802312,83730.671875,0.0009279323276132345,62060.66015625
0.0010573894251137972,75882.46875,0.000959410797804594,96095.6640625
0.0010506586404517293,68083.6796875,0.0009768037125468254,25378.65625
0.0010634823702275753,77345.265625,0.000940461817663163,7468.70361328125
0.0010253748623654246,67107.53125,0.0009325006394647062,7668.8916015625
0.001052173669449985,71480.796875,0.0009816593956202269,11602.759765625
0.0010534514440223575,59990.5234375,0.0009656674810685217,91656.640625
0.0010359488660469651,74386.5234375,0.0010129143483936787,13538.7607421875
0.0010476554743945599,81620.4296875,0.0009491031523793936,105527.875
0.0010369685478508472,70531.2890625,0.0010059663327410817,127332.09375
0.0010383232729509473,79662.2109375,0.0009473506943322718,114014.125
0.0010482394136488438,68860.8046875,0.0009524517809040844,48155.25390625
0.0010530351428315043,78810.8515625,0.0009256519842892885,35254.96875
0.0010553861502557993,73732.953125,0.0010191525798290968,129316.7421875
0.0010378541192039847,59126.94140625,0.0009195281309075654,32305.49609375
0.0010454462608322501,74208.5859375,0.0009827163303270936,49430.06640625
0.001020952477119863,70605.1171875,0.0009374980581924319,11978.7548828125
0.0010260127019137144,80124.03125,0.0009295301279053092,76078.9765625
0.0010195269715040922,68031.1171875,0.0010273546213284135,171526.453125
0.001038760063238442,64498.0703125,0.0009237251942977309,59130.71484375
0.0010238674003630877,61744.35546875,0.0009861262515187263,52728.10546875
0.0010390578536316752,63268.8125,0.0009328500018455088,70601.65625
0.0010315972613170743,71906.7578125,0.0009591903071850538,99606.3984375
0.0010426095686852932,66801.109375,0.0009700988885015249,125741.3359375
0.0010189414024353027,66452.8125,0.0009234783938154578,24931.56640625
0.0010141088860109448,75069.15625,0.0009834612719714642,26830.2578125
0.0010478441836312413,60370.453125,0.0009482684545218945,105131.671875
0.0010254940716549754,72953.0703125,0.0009523532353341579,68954.3671875
0.0010392024414613843,69437.421875,0.0009287850116379559,56369.1015625
0.001015572459436953,71839.2734375,0.0009207469411194324,17407.83984375
0.00104819075204432,83103.9453125,0.0009414817905053496,37497.48828125
0.0010189343011006713,67474.828125,0.0009169570985250175,16389.271484375
0.0010253656655550003,72108.703125,0.0009201879729516804,57909.5390625
0.0010166860884055495,75171.9375,0.0009778975509107113,98337.546875
0.0010387774091213942,94953.6953125,0.0009454120881855488,69306.96875
0.0010191727196797729,65724.734375,0.0009378677932545543,67214.5078125
0.0010407812660560012,74576.53125,0.0009243034874089062,63068.79296875
0.0010062239598482847,60560.1484375,0.0009525429341010749,91926.1875
0.0010237140813842416,64907.51953125,0.0009691142477095127,141984.75
0.0010237934766337276,71764.78125,0.0010089094284921885,168937.984375
0.0010304077295586467,71167.265625,0.0009493231773376465,11840.236328125
0.0010261769639328122,70061.8828125,0.0009210756979882717,41644.24609375
0.0010116881458088756,74136.6171875,0.0009296658681705594,34513.58203125
